{"coco/bbox_mAP": 0.835, "coco/bbox_mAP_50": 0.973, "coco/bbox_mAP_75": 0.923, "coco/bbox_mAP_s": 0.406, "coco/bbox_mAP_m": 0.791, "coco/bbox_mAP_l": 0.881, "data_time": 0.0028316905055361043, "time": 0.016966181639590627}