{"coco/worker_precision": 0.717, "coco/bbox_mAP": 0.717, "coco/bbox_mAP_50": 0.953, "coco/bbox_mAP_75": 0.857, "coco/bbox_mAP_s": 0.229, "coco/bbox_mAP_m": 0.642, "coco/bbox_mAP_l": 0.782, "data_time": 0.062077116253029585, "time": 0.4300156622870356}