{"coco/bbox_mAP": 0.841, "coco/bbox_mAP_50": 0.979, "coco/bbox_mAP_75": 0.927, "coco/bbox_mAP_s": 0.407, "coco/bbox_mAP_m": 0.8, "coco/bbox_mAP_l": 0.885, "data_time": 0.0004627136160916065, "time": 0.01539154400816265}