{"coco/worker_precision": 0.75, "coco/bbox_mAP": 0.75, "coco/bbox_mAP_50": 0.967, "coco/bbox_mAP_75": 0.89, "coco/bbox_mAP_s": 0.308, "coco/bbox_mAP_m": 0.698, "coco/bbox_mAP_l": 0.802, "data_time": 0.0345839751072419, "time": 0.45692723429101145}