{"coco/bbox_mAP": 0.822, "coco/bbox_mAP_50": 0.973, "coco/bbox_mAP_75": 0.91, "coco/bbox_mAP_s": 0.355, "coco/bbox_mAP_m": 0.771, "coco/bbox_mAP_l": 0.873, "data_time": 0.0021799554457320866, "time": 0.01157783320279237}